user_id,post_id,fecha
49,1057,2023-01-12
37,1036,2023-03-02
49,1045,2023-01-19
17,1020,2023-03-17
49,1065,2023-01-09
2,1008,2023-03-12
2,1016,2023-01-28
28,1014,2023-03-19
23,1076,2023-02-21
37,1087,2023-03-24
32,1015,2023-01-16
33,1092,2023-03-10
1,1098,2023-01-12
19,1066,2023-01-25
2,1032,2023-02-21
44,1087,2023-03-26
26,1063,2023-02-22
32,1086,2023-01-23
6,1051,2023-01-16
32,1025,2023-02-26
4,1058,2023-02-08
11,1063,2023-02-22
17,1062,2023-02-11
38,1022,2023-02-27
24,1058,2023-02-08
5,1058,2023-01-14
34,1086,2023-01-05
6,1049,2023-02-04
22,1052,2023-03-28
11,1042,2023-03-16
48,1070,2023-01-18
16,1015,2023-03-17
33,1054,2023-01-09
9,1060,2023-03-15
6,1097,2023-02-27
16,1008,2023-01-17
29,1053,2023-01-07
3,1060,2023-02-15
20,1005,2023-01-13
36,1068,2023-02-09
19,1006,2023-02-11
26,1096,2023-01-09
3,1094,2023-02-19
19,1047,2023-01-27
20,1099,2023-03-07
32,1055,2023-01-05
7,1040,2023-01-29
41,1052,2023-02-06
33,1016,2023-02-07
40,1013,2023-03-24
39,1030,2023-01-08
18,1019,2023-03-06
40,1017,2023-03-27
1,1063,2023-01-17
11,1019,2023-03-12
28,1092,2023-03-30
25,1058,2023-02-14
50,1055,2023-01-04
23,1090,2023-02-05
31,1090,2023-03-11
30,1062,2023-01-31
42,1023,2023-01-19
35,1009,2023-03-02
7,1012,2023-02-23
16,1001,2023-02-08
26,1058,2023-03-15
48,1001,2023-03-31
49,1034,2023-01-19
2,1096,2023-02-08
1,1048,2023-03-08
48,1089,2023-02-14
12,1001,2023-01-13
5,1016,2023-02-27
37,1061,2023-01-20
32,1064,2023-03-13
9,1063,2023-03-02
41,1069,2023-02-08
35,1022,2023-01-01
19,1093,2023-01-03
48,1067,2023-03-18
16,1076,2023-03-03
3,1026,2023-03-04
20,1016,2023-01-25
24,1051,2023-02-25
33,1086,2023-02-02
24,1057,2023-02-07
11,1029,2023-01-06
49,1078,2023-02-27
8,1092,2023-02-13
36,1069,2023-02-14
38,1047,2023-02-01
40,1094,2023-02-14
20,1062,2023-03-02
35,1069,2023-02-16
48,1076,2023-01-21
25,1016,2023-03-21
35,1090,2023-03-26
25,1090,2023-03-16
29,1048,2023-02-05
18,1085,2023-01-19
46,1039,2023-01-20
18,1100,2023-02-26
2,1033,2023-01-18
35,1094,2023-02-16
16,1023,2023-02-18
41,1010,2023-01-14
36,1069,2023-01-15
33,1100,2023-01-31
4,1034,2023-01-01
33,1052,2023-02-23
14,1095,2023-01-03
21,1010,2023-01-16
48,1019,2023-03-28
20,1058,2023-02-26
8,1096,2023-03-16
7,1001,2023-01-12
3,1069,2023-03-15
17,1004,2023-01-16
33,1016,2023-03-13
48,1024,2023-03-17
12,1080,2023-01-24
22,1002,2023-01-28
22,1092,2023-01-08
46,1032,2023-02-05
30,1091,2023-03-31
38,1084,2023-01-08
38,1024,2023-02-27
45,1012,2023-03-01
8,1050,2023-02-19
27,1035,2023-01-28
27,1033,2023-02-10
34,1033,2023-03-05
21,1061,2023-01-27
30,1051,2023-03-04
33,1043,2023-01-17
28,1012,2023-03-14
47,1067,2023-02-02
33,1065,2023-03-25
5,1033,2023-03-18
48,1040,2023-01-29
19,1074,2023-01-13
4,1043,2023-02-15
35,1044,2023-02-04
49,1029,2023-01-06
17,1013,2023-03-23
44,1012,2023-03-10
28,1095,2023-02-16
30,1046,2023-01-25
29,1002,2023-03-07
46,1035,2023-01-10
6,1087,2023-02-25
35,1081,2023-01-30
41,1090,2023-01-05
37,1008,2023-02-02
24,1093,2023-03-06
29,1026,2023-01-18
49,1074,2023-02-18
46,1090,2023-01-11
31,1034,2023-03-26
35,1007,2023-01-26
33,1068,2023-03-04
21,1058,2023-03-30
32,1075,2023-03-27
23,1029,2023-02-28
33,1036,2023-01-27
3,1089,2023-02-18
18,1021,2023-03-18
25,1036,2023-02-02
42,1010,2023-01-01
31,1073,2023-01-21
3,1024,2023-02-24
40,1064,2023-01-06
46,1099,2023-03-22
24,1049,2023-03-10
50,1099,2023-01-05
32,1036,2023-01-03
47,1082,2023-02-22
22,1096,2023-01-23
23,1024,2023-02-22
2,1023,2023-02-06
27,1062,2023-03-15
42,1096,2023-03-15
2,1037,2023-03-24
26,1012,2023-01-17
17,1055,2023-03-26
40,1013,2023-03-19
33,1023,2023-03-14
9,1089,2023-01-01
43,1099,2023-02-20
48,1030,2023-02-14
39,1017,2023-03-18
29,1062,2023-01-04
42,1084,2023-03-03
26,1089,2023-03-06
35,1086,2023-02-01
50,1013,2023-02-03
25,1059,2023-03-13
24,1019,2023-02-08
13,1049,2023-01-26
7,1100,2023-02-03
